SamplingMethod,DatasetType,NrOfPoints,Seed,SampleSize,TotalTime,RoundTimes,CoresetSize,AvgQuality,NormQuality
Grid,Gaussian quantile,1000000,102,0,1453.04,"[21.17, 17.47, 14.72, 13.5]",59,5.215369966023457,3.319860728941783
Ball,Gaussian quantile,1000000,102,100.0,857.99,"[10.81, 9.61, 8.92, 7.86]",103,8.15004402568849,4.539976839541818
Ball,Gaussian quantile,1000000,102,1000.0,993.81,"[11.74, 10.59, 8.78, 8.24]",3834,7.236163525855178,3.87912114335137
Ball,Gaussian quantile,1000000,102,10000.0,848.41,"[10.44, 9.71, 9.49, 9.29]",172584,4.921392866762794,3.488996830765656
Ball,Gaussian quantile,1000000,102,100000.0,820.0,"[10.38, 10.42, 11.07, 15.47]",975962,4.737843317373807,2.9929809796475366
